"ID","登记人","填写日期","产品型号","问题分类","问题","答案","来源备注","图片","视频","问题的英文翻译","问题的中文翻译","推荐问题分类"
"6","郑泽铭","2026/05/21","FLC06-E110V","故障排除","Fan controller onop at low fan speed I reset the power still inop at low speed","ME:please first set the fan speed on the ceiling fan’s original controller to the highest setting, then use the remote control to adjust it. Otherwise, you may experience abnormal fan speed issues.
HE:Ceiling fan is on high speed  the controller worked on low speed for a week now low speed works for 15 seconds then clicks off all other speeds work fine","B0DY4BMFBR
亚马逊站内信
113-4014485-2292249","","","The fan controller does not work at low fan speed. I reset the power, but low speed still does not work.","风扇控制器在低速档不工作。我重置了电源，但低速档仍然无法工作。","故障排除"
"10","郑泽铭","2026/05/21","FLC-110V","参数查询","What is the safe ambiant temperature range? Can I use this for a fireplace fan, located at the bottom of the fireplace box?","","B07DD9F1BK","","","What is the safe ambient temperature range? Can I use this controller for a fireplace fan installed at the bottom of the fireplace enclosure?","安全环境温度范围是多少？我可以把这个控制器用于安装在壁炉箱底部的壁炉风扇吗？","产品适配"
"21","王光琼","2026/05/22","FLC-220V","兼容性","此处有原装风扇灯参数和原装电机图，参数如下：
风扇 68W，灯是 2*15W E27 LED 灯（总 30W）
电机四根线端子标识：FORWARD/REVERSE/LIGHT/N  1+2UF","这款新控制器可临时应急使用，但不推荐长期直接用，当然也可以通过简单改造后安全使用，具体说明如下：
1. 会永久丢失风扇反转功能（无改造空间），但灯光开关、风扇调速功能完全正常
2. 电容参数不匹配问题很好解决：只需在控制器的黑色风扇输出线上串联 1 个 0.8-1μF/450V 的无极性电容（五金店几块钱就能买到），改造后转速、电流都会恢复到原装水平，不会损伤电机
3. 接线方法：原风扇反转红线单独包好悬空，其余线按 L/N/FAN/LIGHT/COM 对应连接即可   写QA可以参考我们链接详情的QA内容：https://www.amazon.co.uk/gp/product/B07RY6HTF5","订单号：407-8825533-6070738 ","WhatsApp Image 2026-05-21 at 14.51.50 (3).jpeg,WhatsApp Image 2026-05-21 at 14.51.50.jpeg,WhatsApp Image 2026-05-21 at 14.51.51.jpeg,WhatsApp Image 2026-05-21 at 14.51.50 (1).jpeg,WhatsApp Image 2026-05-21 at 14.51.50 (4).jpeg","","The original fan-light specifications and the original motor image are provided here. The fan is 68 W. The lights are two 15 W E27 LED bulbs, 30 W total. The four motor wire terminals are labeled FORWARD, REVERSE, LIGHT, and N. The capacitor is 1+2 μF.","此处提供了原装风扇灯参数和原装电机图片。风扇功率为 68 W；灯具为 2 个 15 W 的 E27 LED 灯泡，总功率 30 W。电机四根线的端子标识为 FORWARD、REVERSE、LIGHT 和 N。电容为 1+2 μF。","产品适配"
"29","王光琼","2026/05/22","FLC-220V","兼容性","Hello.
I purchased your product https://www.amazon.es/dp/B07RY6HTF5?ref=ppx_yo2ov_dt_b_fed_asin_title&th=1

To replace the receiver on my ceiling fan https://faro.es/es/coleccion/easy-ventilador-de-techo-gris/

Everything seems fine except for one thing. The speeds are too fast. How can I reduce the speed of each of the three fan speeds?

Thank you","Hello, the fan speed is higher than expected due to a compatibility issue between the fan motor and the running capacitor; this is not a fault with the controller. This product comes standard with a 2.5 μF start capacitor and a 3 μF running capacitor;
Here are 3 suggestions:
Option A: Replace your fan’s original ‘start capacitor’ with a model of slightly lower capacity (for example, replace the 2.5 μF capacitor with a 1.5 μF capacitor).
Option B: Alternatively, you could remove the fan’s capacitor first, connect the QIACHIP controller, and check whether the fan speed adjusts.
Option C: You can connect a capacitor in parallel at the QIACHIP controller’s input port; this will act as a current limiter, causing the fan’s overall speed to gradually decrease.
Please use electricity safely, and ensure that all attempts are carried out with the assistance of a professional.
We hope this helps resolve your issue. Thank you.","邮件联系","","","Hello. I bought your product to replace the receiver in my ceiling fan. Everything seems fine except that all three fan speeds are too fast. How can I reduce each speed? Thank you.","你好。我购买了你们的产品，用来替换吊扇中的接收器。除三档风速都太快之外，其他方面似乎都正常。怎样才能降低每一档的速度？谢谢。","故障排除"
"39","王光琼","2026/05/28","FLC-220V","故障排除","Fuktionierte 6 Monate gut. Danach wurden wir nachts durch Brandgeruch geweckt. Die Steuerung hatte sich in einen geschmolzenen Haufen Plastik verwandelt und hatte auf dem Untergrund einen tiefen Brandfleck hinterlassen, das hätte sehr böse enden können. Im Gerät selbst ist offenbar kein Schutz enthalten und es kokelte lustig vor sich hin. Schrott.","","https://www.amazon.de/gp/product/B07RY6HTF5?th=1","image.png,image.png","","It worked well for six months. Then we woke up at night to a burning smell. The controller had melted into a lump of plastic and left a deep burn mark on the surface below. This could have ended very badly. The device apparently has no internal protection and kept smoldering. It is scrap.","产品正常工作了六个月。之后有一天夜里，我们被烧焦味惊醒。控制器已经熔成一团塑料，并在下方表面留下了很深的烧痕，后果本可能非常严重。设备内部显然没有保护装置，而且一直在阴燃。它已经报废了。","故障排除"
"56","王昭坤","2026/06/19","FLC05-E220V","故障排除","Hello,
After purchasing a remote control for a 220V AC fan with 2 input cables and 3 output cables (Order No. 3073472102410101), when I turn it on I only hear one beep and not the 3 described. What should I do? (Does a single beep indicate an error code?)
Thank you for your help.
I have already sent you the same message. If I don't receive a response, I will open a dispute with AliExpress.","Hello, do you only hear a beep during control or only a beep during pairing?","订单号：3073472102410101
商品ID：1005005277855244","","","Hello. I bought a remote controller for a 220 V AC fan with two input wires and three output wires. When I turn it on, I hear only one beep instead of the three beeps described. What should I do? Does one beep indicate an error code? I already sent the same message. If I receive no response, I will open a dispute with AliExpress.","你好。我购买了一款用于 220 V AC 风扇的遥控器，它有两根输入线和三根输出线。开机时，我只听到一声蜂鸣，而不是说明中所述的三声。我该怎么办？一声蜂鸣是否表示错误代码？我已经发送过同样的信息。如果得不到回复，我会在 AliExpress 发起纠纷。","故障排除"
"84","王光琼","2026/07/13","FLC-220V","安装接线","Monté sur un ventilateur de plafond Hunter Industrie II acheté il y a une dizaine d'années, le kit sans fil fonctionne parfaitement. Néanmoins la vitesse maximale du ventilateur ne fonctionnait déjà plus donc je n'ai pas pu la tester. Le kit se branche sur les deux fils neutre et phase, directement en alternatif, et remplace la plaque de commande murale avec le condensateur livré par défaut, que j'ai converti en simple interrupteur. Le boitier est assez volumineux, il n'est pas rentré dans le socle du ventilateur, j'ai dû l'insérer directement dans le faux-plafond au travers d'un trou de 67mm, en rallongeant les câbles de sortie, d'ailleurs leur longueur est vraiment trop limitée, 30-40cm aurait été vraiment plus pratique. Les borniers de connexion sont inutiles, voir dangereux, remplacez les par des borniers de connexion rapide type Wago ou des dominos. La télécommande fait son job mais elle pourrait être plus qualitative. Tout a fonctionné du premier coup.","","","","","I installed the wireless kit on a Hunter Industrie II ceiling fan bought about ten years ago, and it works perfectly. However, the fan's highest speed had already stopped working, so I could not test it. The kit connects directly to the AC neutral and live wires. It replaces the wall control board with its original capacitor, which I converted into a simple switch. The receiver is quite large and did not fit in the fan canopy. I had to insert it into the suspended ceiling through a 67 mm hole and extend the output wires. The wires are far too short; 30–40 cm would be much more practical. The supplied connectors are useless and potentially dangerous. Replace them with Wago-style quick connectors or terminal blocks. The remote works, but it could feel more solid. Everything worked on the first try.","我把这套无线控制器安装在一台约十年前购买的 Hunter Industrie II 吊扇上，运行完全正常。不过，这台风扇的最高档原本就已失效，所以我无法测试最高档。该控制器直接连接交流电的零线和火线，并替代带原装电容的墙壁控制板；我把墙壁控制板改成了普通开关。接收器体积较大，无法装进吊扇底座。我不得不通过一个 67 mm 的孔把它放入吊顶内，并延长输出线。原配线太短，若有 30–40 cm 会实用得多。随附接线端子没有用，甚至可能危险，建议换成 Wago 类快速连接器或接线端子。遥控器能正常工作，但质感可以更好。所有功能第一次安装就成功了。","安装设置"
"85","王光琼","2026/07/14","FLC-220V","故障排除","The unit has been working fine for the last couple of weeks, but today the fan does not work on the 'low' setting. Med and Hi are fine.
1. Switch the power on at the wall
2. Press the low setting on the remote (the fan spins at high speed for a few seconds, then slows down to a stop)
Thanks","Here’s what’s happening in simple terms: when you press low, the fan first spins fast for a few seconds — this is the controller giving it a quick boost to get started, then it drops down to low speed. The fact that this boost works, and medium/high speeds run perfectly, means the remote and controller are working fully as they should.
Low speed runs on lower power, so it has very little extra strength to keep spinning. When a fan gets older, or builds up extra resistance from dust or worn internal parts, low speed is always the first one to struggle and stop, while higher speeds still work fine.
Please try these 3 simple checks:
1. Turn the wall switch off for 60 seconds, then turn it back on and test low speed again to rule out a temporary glitch.
2. With the power off, spin the fan blades by hand. If they feel stiff or don’t spin freely, the fan motor has built up resistance over time — this is very common on older fans.
3. Double-check that all wire connections inside the fan canopy are tight. Loose wires cause a small power drop that only affects the low speed setting.    他再次回复：Thank you for your email and the troubleshooting advice. 
I tried your tips, but the problem persisted, in fact I noticed that both med and hi buttons now make the fan go in high-speed mode only.
When I installed the remote a few weeks ago it worked perfectly,  we were very happy.","邮件联系","","","The unit worked well for the last two weeks, but today the fan stopped working on LOW. MED and HI still work. When I switch on the wall power and press LOW, the fan runs at high speed for a few seconds, then slows down and stops.","过去两周设备一直工作正常，但今天风扇的 LOW 低速档不工作了，MED 中速档和 HI 高速档仍正常。打开墙壁电源并按下 LOW 后，风扇会先高速转几秒，然后逐渐减速并停止。","故障排除"
"86","王光琼","2026/07/14","FLC-220V","故障排除","Casi 3 años después de instalarlo se ha vuelto insufrible y tendré que reemplazarlo.Como dicen algunas opiniones en inglés, la luz empieza a apagarse y a encenderse de forma aleatoria en milisegundos, por lo que si fuese epiléptico habría durado menos que un caramelo en la puerta de un colegio. Esto ocurría durante algunos segundos y ya paraba (así habrá sido durante 3/4 meses), sin embargo ahora ocurre todo el rato, cuando la luz consigue estabilizarse vuelve de nuevo a parecer una feria a los pocos segundos y así en un bucle infinito. Finalmente he optado por apagar la luz y encender un flexo hasta que encuentre otro.Es cierro que las velocidades del ventilador escalan incorrectamente, puesto que la primera velocidad es lenta (a mi gusto bastante bien) y entre la segunda y tercera velocidad no hay prácticamente diferencia (muy fuerte). Personalmente para mí era soportable.En definitiva: en casi 3 años la luz empezó a dar problemas pareciendo una discoteca y sin poder pararlo (más que apagando la luz). Las velocidades bien aunque no hay casi diferencia entre el medio y el alto.","","","","","Almost three years after installation, the controller became unbearable and I must replace it. The light began switching off and on randomly within milliseconds. At first this happened for a few seconds and stopped, and this continued for three or four months. Now it happens constantly. When the light stabilizes, it starts flashing again a few seconds later in an endless loop. I now leave the light off and use a desk lamp until I find a replacement. The fan speeds also scale incorrectly. LOW is slow and acceptable, but there is almost no difference between MED and HI, and both are very strong. I could tolerate the speed issue. In summary, after almost three years the light began flashing continuously and could only be stopped by turning it off. The speeds work, but MED and HI are almost the same.","安装近三年后，这个控制器变得令人无法忍受，我只能更换。灯开始在几毫秒内随机开关。起初这种情况只持续几秒便停止，并这样反复了三四个月；现在则一直发生。灯刚稳定下来，几秒后又开始闪烁，形成无限循环。我最终只能关灯，在找到替代品之前使用台灯。风扇档位也不正确：LOW 低速较慢，个人感觉尚可，但 MED 中速和 HI 高速几乎没有区别，而且都很强。这个速度问题我原本还能接受。总之，使用近三年后，灯开始像迪斯科灯一样持续闪烁，除了关灯以外无法停止；风扇档位可用，但中速和高速几乎一样。","故障排除"
"87","王光琼","2026/07/14","FLC-220V","功能设置","客户1：Fonctionne correctement. Il faut êtres électricien pour l'installer. Petit bémol ou j'ai rien compris, on ne peut pas couper le ventilateur avec celle ci sans éteindre les lampes et inversement ?                                                     客户2：Con il Mio ventilatore NON SI ABBINA MOLTO SE ACCENDO LUCE non Posso Usarlo come ventola e Viceversa … ma Riesco comunque a conviverci un po’ complessa la configurazione !!!","","","","","Customer 1: It works correctly, but installation requires an electrician. One concern, unless I misunderstood: is it impossible to turn off the fan without turning off the lights, and vice versa? Customer 2: It does not pair well with my fan. If I turn on the light, I cannot use the fan, and vice versa. I can still live with it, but the setup is rather complicated.","客户 1：产品工作正常，但安装需要电工。有一点不太满意，也可能是我没弄明白：是否无法在不关灯的情况下关闭风扇，反之亦然？客户 2：它与我的风扇配合得不太好。开灯后就无法使用风扇，反之亦然。虽然还能勉强使用，但配置比较复杂。","安装设置"
"88","王光琼","2026/07/14","FLC-220V","故障排除","Quasi inesistente la differenza tra la prima e la seconda e la terza velocità, trattengo comunque il prodotto senza restituirlo perché per l'uso che ne faccio mi va bene comunque.Prodotto non all'altezza","","","","","There is almost no difference among the first, second, and third speeds. I will keep the product because it is still acceptable for my use, but it does not meet expectations.","第一、第二和第三档速度几乎没有区别。因为对我的用途来说还算能用，所以我不会退货，但产品没有达到预期。","故障排除"
"89","王光琼","2026/07/14","FLC-220V","材质","This item worked perfectly and was straightforward to install. However I had to slightly extend the live feed cable to the fan motor as it was 20mm short of reaching the connector of the motor terminal block (Sycamore 54 Blade fan).","","","","","This item worked perfectly and was easy to install. However, I had to slightly extend the live output wire to the fan motor because it was 20 mm too short to reach the motor terminal block on my Sycamore 54 Blade fan.","这个产品工作正常，安装也很直接。不过，连接风扇电机的火线输出线短了 20 mm，无法接到我的 Sycamore 54 Blade 风扇电机端子排，因此我不得不稍微延长这根线。","安装设置"
"90","王光琼","2026/07/14","FLC-220V","故障排除","Después de 3 meses de uso, mal muy mal.Ya lo tendría que haber devuelto nada más instalarlo, el selector de velocidades es como si no existiera, los tres modos son idénticos en velocidad.Es malo pero malo de verdad, es una copia mala de los que traen los ventiladores que compras en cualquier tienda en España y de fabricación Europea.","","","","","After three months of use, it is very bad. I should have returned it immediately after installation. The speed selector is effectively useless because all three modes run at the same speed. It is a poor copy of the controllers supplied with fans sold in European stores.","使用三个月后，表现非常差。我本应在安装后立即退货。速度选择器形同虚设，因为三个档位的速度完全相同。它像是欧洲商店所售风扇原配控制器的劣质仿制品。","故障排除"
"91","王光琼","2026/07/14","FLC-220V","故障排除","After 6 months the light randomly stopped working on and off.","","","","","After six months, the light began randomly stopping and working again.","使用六个月后，灯开始随机失效，时而不亮、时而又恢复。","故障排除"
"92","王光琼","2026/07/14","FLC-220V","故障排除","So this product works great. Easy to install and instructions to disable beep are clear. The problem comes when you disable the beep, the receiver STILL BEEPS when you turn the main light switch off and on. Its also not very quiet. Needless to say this is extremely annoying and IMO unacceptable for a light. Why this is the default is really confusing for me.Solution to Fix: Open up the plastic enclosure and find the Piezo Buzzer. (Little black cylinder labelled ""BUZ"") Use a pair of plyers to pry off the black cap of the piezo buzzer, then remove the small disk inside. Then replace the black cap. This will remove all the beeps. This goes for any electronics that rely on a piezo buzzer.So yeah, this product does work well, installs easy, but the fact you have to tear the product apart to just remove a beep is unacceptable. Hope this can at least help some folks that get swindled and dont want to return the product.","","","","","The product works well and is easy to install. The instructions for disabling the beep are clear. However, after disabling the beep, the receiver still beeps when the main light switch is turned off and on. It is also not very quiet. This is extremely annoying and unacceptable for a light. I do not understand why this is the default. My workaround was to open the plastic case, find the piezo buzzer marked BUZ, remove its black cap with pliers, take out the small disc, and replace the cap. This removes all beeps. The product works and installs easily, but having to open it just to remove the beep is unacceptable. I hope this helps people who do not want to return it.","产品本身工作正常，也容易安装，关闭蜂鸣声的说明也很清楚。但关闭蜂鸣声后，每次关闭再打开灯的总开关，接收器仍会蜂鸣，而且声音并不小。对于灯具来说，这非常烦人，也不可接受，我不明白为什么默认这样设计。我的解决方法是打开塑料外壳，找到标有 BUZ 的压电蜂鸣器，用钳子撬开黑色盖子，取出里面的小圆片，再装回盖子。这样可以消除所有蜂鸣声。产品确实能用且容易安装，但为了消除蜂鸣声而必须拆机是不可接受的。希望这能帮助不想退货的人。","故障排除"
"93","王光琼","2026/07/14","FLC-220V","故障排除","Connesso a un comune ventilatore vortice da un metro di diametro sulla velocità minima da 125 volt sulla velocità intermedia da 205 volt sulla velocità massima da 230 volt, praticamente la velocità intermedia non dovrebbe essere 205 volt ma dovrebbe essere 180 volt, questo l'ho potuto verificare dando 180 volt reali il ventilatore ha effettivamente una velocità intermedia in questo modo fra 205 volt e 230 volt non si percepisce differenza di rendimento, è come se lavorasse al massimo","","","","","I connected it to a standard one-meter-diameter Vortice fan. The output is 125 V on LOW, 205 V on MED, and 230 V on HI. MED should be about 180 V, not 205 V. I confirmed this by supplying a real 180 V, which gave a proper medium speed. At 205 V and 230 V, there is no noticeable performance difference, so MED behaves almost like HI.","我把它连接到一台直径一米的普通 Vortice 风扇。低速档输出 125 V，中速档输出 205 V，高速档输出 230 V。中速档不应是 205 V，而应约为 180 V。我实际提供 180 V 进行验证后，风扇确实表现为合适的中速。205 V 与 230 V 之间几乎感觉不到性能差异，因此中速档实际接近高速档。","故障排除"
"94","王光琼","2026/07/14","FLC-220V","故障排除","Tengo dos ventiladores de Leroy. Uno de ellos empezó a hacer un ruido extraño y giraba a menos revolver. Cambié esta pieza de uno a otro y comprobé que es la pieza que fallaba así que encargué esta a pesar de ver que las conexiones no son iguales.Al final la conexión es sencilla pues la pieza rota utiliza las mismas letras, que no colores,  en sus cables y así se pueden identificar perfectamente.Pierdo la capacidad de atenuar la luz que con el roto si podía pero por lo menos sigo aprovechando el pedazo de ventilador.","","","image.png","","I have two Leroy fans. One began making a strange noise and running more slowly. I swapped this part between the two fans and confirmed that the part had failed, so I ordered this receiver even though the connectors looked different. The connection was simple because the failed part used the same letter labels, although the wire colors differed. I lost the light-dimming function that the old receiver had, but at least I can keep using the fan.","我有两台 Leroy 风扇，其中一台开始发出异响，转速也变慢。我把这个部件在两台风扇之间互换，确认是该部件故障，因此尽管接口看起来不同，我还是订购了这个接收器。接线很简单，因为损坏部件的导线使用相同的字母标识，只是颜色不同。更换后失去了旧接收器具备的灯光调光功能，但至少风扇还能继续使用。","产品适配"
"97","王光琼","2026/07/14","FLC-220V","功能设置","Hace demasiado ruido al girar","","","","","It makes too much noise while running.","运行时噪声太大。","故障排除"
"98","王光琼","2026/07/14","FLC-220V","功能设置","Lieferung war top. Einbau ist nichts für Laien!!! Aber den Piepton bring ich nicht weg. Entweder geht nach dem Ausschalten des Tons gar nichts mehr oder der Ton bleibt. Da hilft auch der Reset nichts...","","","","","Delivery was excellent. Installation is not for beginners. However, I cannot disable the beep. Either nothing works after I turn off the sound, or the beep remains. Resetting does not help.","配送很好。安装不适合非专业人士。不过，我无法关闭蜂鸣声：关闭声音后，要么整个设备都无法工作，要么蜂鸣声仍然存在。重置也没有帮助。","故障排除"
"99","王光琼","2026/07/14","FLC-220V","故障排除","L'article rempli sa fonction pour ouvrir, fermer la lumière et le ventilateur.Ma mauvaise surprise a été de constater qu'après une panne en pleine nuit, non seulement le ventilateur s'était remis en marche mais également la lumière.","","","","","The product can turn the light and fan on and off. My unpleasant surprise was that after a power outage during the night, both the fan and the light turned on again by themselves.","产品能够开关灯和风扇。但令我意外且不满的是，夜间停电后恢复供电时，风扇和灯都自行重新启动了。","故障排除"
"100","王光琼","2026/07/14","FLC-220V","故障排除","L’ montato su un vecchio ventilatore per sostituire il variatore esistente a variazione continua ma manuale e lontano dalla pala. Installato senza problemi ma anche alla velocita minima low la pala gira troppo velocemente, in media e high diventa un elicotteroDopo questa recensione il venditore mi ha offerto il rimborso dell’ articolo che non potevo utilizzare.Pur dispiaciuto di non poter automatizzare il mio ventilatore , rivolgo un grazie sentito x la sensibilità del venditore","","","","","I installed it on an old fan to replace the existing manual continuous-speed controller located away from the blades. Installation was easy, but even on LOW the blades spin too fast. On MED and HI, the fan sounds like a helicopter. The seller later offered a refund because I could not use the item. I am sorry I could not automate my fan, but I appreciate the seller's response.","我把它安装在一台旧风扇上，用来替换原有的手动无级调速器，该调速器离扇叶较远。安装没有问题，但即使在 LOW 低速档，扇叶也转得太快；在 MED 中速和 HI 高速档，风扇简直像直升机。后来卖家因产品无法使用而主动退款。虽然没能实现风扇自动控制很遗憾，但感谢卖家的处理。","故障排除"
"102","王光琼","2026/07/14","FLC-220V","故障排除","No es tan ""universal"" como era de esperar. Al menos la compatibilidad con mis ventiladores no ha sido total. primero la carcasa del control es algo más alta y me ha costado encajarla en el hueco del anterior. Segundo la diferencia entre las velocidades LOW - MED - HIGH es inapreciable.","","","","","It is not as universal as expected and is not fully compatible with my fans. First, the controller housing is taller, so it was difficult to fit into the space for the old receiver. Second, there is almost no noticeable difference among LOW, MED, and HI.","它并没有预期中那么通用，与我的风扇不能完全兼容。第一，控制器外壳更高，很难装进原接收器的位置。第二，LOW、MED 和 HI 三档之间几乎感觉不到差别。","产品适配"
"103","王光琼","2026/07/14","FLC-220V","故障排除","Cuidado, la placa del control remoto que hay que colocar en el ventilador no es universal , las medidas de ancho de la misma, están varios milímetros mayores  que le hueco para instalar el modulo que tiene mi ventilador. La placa del fabricante que se me averió en un poco mas estrecha, pero como el cajetín comprado es bastante amplio y la placa bailaba suelta en su interior, (me parece un fallo que la placa venga suelta sin sujeción alguna en la caja), me decidí antes de devolverlo a abrirlo y  reducir un poco el tamaño sobrante de la caja para poder colocarlo.  El ventilador funciona bien con sus tres velocidades, y mi ventilador no tiene luz.","","","","","Be careful: the remote-control board installed in the fan is not universal. Its width is several millimeters greater than the space available in my fan. The original failed board was slightly narrower. Because the purchased housing was quite roomy and the board moved loosely inside it, I opened the housing and trimmed the excess before returning it. I think leaving the board unsecured inside the box is a design fault. After modification, the fan works correctly at all three speeds. My fan has no light.","请注意：安装在风扇内的遥控控制板并非通用尺寸。它的宽度比我的风扇预留空间大几毫米，原厂损坏的控制板略窄。由于新买的外壳内部空间较大，电路板在里面松动，我认为电路板在盒内没有固定是设计问题。退货前，我决定打开外壳并削减多余尺寸。改装后，风扇的三档速度都正常工作。我的风扇没有灯。","产品适配"
"105","王光琼","2026/07/14","FLC-220V","故障排除","pas compatible. aucun bouton pour renverser le ventilateur.ne fonctionne pas. besoin de savoir comment faire  pour vous le retourner et se faire remboursement. Nous avons changé le ventilateur.","","","","","It is not compatible. There is no button to reverse the fan, and it does not work. I need to know how to return it and receive a refund. We replaced the fan.","它不兼容。遥控器没有让风扇反转的按钮，而且无法工作。我需要知道如何退货和退款。我们已经更换了风扇。","产品适配"
"108","王光琼","2026/07/14","FLC-220V","故障排除","Ok il tasto 1 bassa velocitàIl tasto 2 media velocità è come se fosse la terza velocitàIl terzo tasto che doveva essere velocità massima, è come se fosse la prima velocità. Adesso mi funziona a 2 velocità e sinceramente la ventilazione non è veloce come il precedente ricevitore. Non lo ricomprerei","","","","","Button 1 correctly gives low speed. Button 2, which should give medium speed, behaves like high speed. Button 3, which should give maximum speed, behaves like low speed. I now effectively have only two speeds, and the airflow is not as strong as with the previous receiver. I would not buy it again.","按钮 1 能正确控制低速。按钮 2 本应控制中速，却像高速；按钮 3 本应控制最高速，却像低速。现在实际只有两档速度，而且风量不如之前的接收器强。我不会再次购买。","故障排除"
"109","王光琼","2026/07/14","FLC-220V","故障排除","La velocidad lenta es muy rápida a mi gusto y no se puede cambiar","","","","","LOW is too fast for my preference, and it cannot be adjusted.","低速档对我来说太快，而且无法调整。","故障排除"
"110","王光琼","2026/07/14","FLC-220V","故障排除","Un año después de su compra, a dejado de funcionar. Un año justo. Lo compré el 29 de julio de 2023 y el 29 de julio de 2024 deja de funcionar. Programado para morir? Dentro del año de uso todo bien. Aún la velocidad ha sido la misma en las 3 posiciones del mando, vamos que solo tiene una velocidad.","","","","","It stopped working exactly one year after purchase. I bought it on July 29, 2023, and it failed on July 29, 2024. Was it designed to fail? It worked well during that year, although all three remote speed settings always ran at the same speed, so it effectively had only one speed.","购买整整一年后，它停止工作了。我在 2023 年 7 月 29 日购买，2024 年 7 月 29 日就坏了。是被设计成到期损坏吗？这一年里其他方面都正常，但遥控器的三个速度档一直完全相同，实际上只有一个速度。","故障排除"
"111","王光琼","2026/07/14","FLC-220V","故障排除","No me gusta el producto porque al poco tiempo, 2 o 3 meses, ya no senpodia apagar ni encender la luz, segun he visto por internet es un problema de puenteo. ventilador sin problemas.solo tiene de plazo un mes para devolucion.sin garantia","","","","","I dislike the product because after only two or three months, the light could no longer be turned on or off. From what I found online, this may be a bridging problem. The fan still works. The return period is only one month, and there is no warranty.","我不喜欢这个产品，因为仅使用两三个月后，灯就无法开关了。我在网上查到，这可能是桥接故障。风扇仍能正常工作。退货期限只有一个月，而且没有保修。","故障排除"
"114","王光琼","2026/07/14","FLC-220V","兼容性","Il montaggio è semplice ma attenzione alle dimensioni dell' alloggiamento, potrebbe non entrare","","","","","Installation is simple, but check the available space because the receiver may not fit in the housing.","安装很简单，但要注意安装空间的尺寸，因为接收器可能装不进去。","产品适配"
"115","王光琼","2026/07/14","FLC-220V","功能设置","Works great, however it has a very loud hum to it. If you are sensitive to buzzing noises I don’t recommend.","","","","","It works well, but it produces a very loud hum. I do not recommend it if you are sensitive to buzzing noises.","它工作正常，但会产生很大的嗡嗡声。如果你对嗡鸣声敏感，我不推荐这款产品。","故障排除"
"116","王光琼","2026/07/14","FLC-220V","故障排除","Empezó a hacer cosas raras al poco de instalarlo, a los tres meses está roto, no reacciona a nada y no puedo apagar la luz ni controlar el ventilador, una pérdida de dinero.","","","","","It began behaving strangely soon after installation. After three months it was broken, did not respond to anything, and I could neither turn off the light nor control the fan. It was a waste of money.","安装后不久，它就开始出现异常。三个月后彻底损坏，对任何操作都没有反应，我既无法关灯，也无法控制风扇。完全是浪费钱。","故障排除"
"118","王光琼","2026/07/14","FLC-220V","故障排除","La velocidad del ventilador al 1, es muy alta.","","","","","The fan speed on setting 1 is too high.","风扇在 1 档时速度太高。","故障排除"
"119","王光琼","2026/07/14","FLC-220V","故障排除","Se me acaba de romper. Dejó de funcionar y no podía ni encender la luz.","","","","","It has just broken. It stopped working, and I could not even turn on the light.","它刚刚坏了，停止工作，连灯也无法打开。","故障排除"
"120","王光琼","2026/07/14","FLC-220V","安装接线","De repente dejo de funcionar para apagar la luz desde el mando, emite el pitido pero no hace nada. Si quiero tener el ventilador tengo que tener todo el tiempo la luz encendida o quitar la bombilla de la rosca. No lo entiendo.","","","","","It suddenly stopped turning off the light from the remote. The receiver beeps but does nothing. To use the fan, I must keep the light on all the time or remove the bulb from its socket. I do not understand this behavior.","它突然无法通过遥控器关灯。接收器会发出蜂鸣声，但没有任何动作。为了使用风扇，我必须一直开着灯，或者把灯泡从灯座上拆下来。我不明白为什么会这样。","故障排除"
"121","王光琼","2026/07/14","FLC-220V","故障排除","Fuktionierte 6 Monate gut. Danach wurden wir nachts durch Brandgeruch geweckt. Die Steuerung hatte sich in einen geschmolzenen Haufen Plastik verwandelt und hatte auf dem Untergrund einen tiefen Brandfleck hinterlassen, das hätte sehr böse enden können. Im Gerät selbst ist offenbar kein Schutz enthalten und es kokelte lustig vor sich hin. Schrott.","","","","","It worked well for six months. Then we woke up at night to a burning smell. The controller had melted into a lump of plastic and left a deep burn mark on the surface below. This could have ended very badly. The device apparently has no internal protection and kept smoldering. It is scrap.","产品正常工作了六个月。之后有一天夜里，我们被烧焦味惊醒。控制器已经熔成一团塑料，并在下方表面留下了很深的烧痕，后果本可能非常严重。设备内部显然没有保护装置，而且一直在阴燃。它已经报废了。","故障排除"
"123","王光琼","2026/07/14","FLC-220V","兼容性","First time I've ever seen a fan remote with no dimmer.  Not clearly listed in description.Do not buy if you are looking for dimmable light.","","","","","This is the first fan remote I have seen without a dimmer. The lack of dimming was not clearly stated in the description. Do not buy it if you need dimmable lighting.","这是我第一次见到没有调光功能的风扇遥控器。商品描述没有明确说明不支持调光。如果需要可调光照明，请不要购买。","产品适配"
"124","王光琼","2026/07/14","FLC-220V","安装接线","Le doy hi me enciende el ventilador y la luz.y si le doy a la luz me enciende la luz y el ventiLador y está todo buen conectado .","","","","","When I press HI, both the fan and the light turn on. When I press the light button, both the light and the fan turn on. All wiring is correct.","按下 HI 时，风扇和灯会同时开启；按下灯光按钮时，灯和风扇也会同时开启。所有接线都正确。","故障排除"
"128","王光琼","2026/07/14","FLC-220V","安装接线","La luce si spegne quando parte il ventilatore, che ha una sola velocità, sempre la stessa quale che sia il pulsante premuto.Se si tenta di riaccendere la luce non si accende finché vanno le pale.Sottolineo che è stato montato professionalmente rispettando anche fase e neutro.Ma anche scambiando fase e neutro continua a non funzionare.Sconsiglio l'acquisto, costa poco ma vale niente. Una vera ciofeca e secondo me lo sanno, sarà un lotto difettoso che scaricano su Amazon (che non è il venditore, precisiamolo).Diversamente onesti.","","","","","The light turns off when the fan starts. The fan has only one speed, regardless of which speed button I press. If I try to turn the light on again, it will not turn on while the blades are running. It was professionally installed with live and neutral connected correctly. Swapping live and neutral did not help. I do not recommend it. It is cheap but worthless. I believe this may be a defective batch being sold through Amazon.","风扇启动时，灯会熄灭。无论按哪个速度按钮，风扇始终只有一个速度。扇叶转动时，如果尝试重新开灯，灯也不会亮。安装由专业人员完成，火线和零线也按要求连接；即使交换火线和零线，问题仍然存在。我不推荐购买。它虽然便宜，但毫无价值。我认为这可能是一批通过 Amazon 销售的缺陷产品。","故障排除"
"129","王光琼","2026/07/14","FLC-220V","安装接线","Remplacement et installation OK. 2 jours après sur coupure secteur  et retour du courant les lampes restent alumées. Remote inactive. le re-pairing n'y fait rien le module est en panne. Je le renvois.","","","","","Replacement and installation were successful. Two days later, after a power cut and power restoration, the lights stayed on and the remote stopped responding. Pairing again did not help. The module has failed, and I am returning it.","更换和安装都顺利完成。两天后经历一次断电和恢复供电，灯一直亮着，遥控器也失去响应。重新配对没有作用，模块已经故障，我将退货。","故障排除"
"132","王光琼","2026/07/14","FLC-220V","兼容性","Purtroppo l'elettricista ha fatto fatica ad inserire la cassetta del telecomando in quanto grande in confronto allo spazio della plafoniera","","","","","Unfortunately, the electrician had difficulty fitting the remote-control box because it was large compared with the available space in the ceiling light fitting.","遗憾的是，遥控接收盒相对于吸顶灯盘内的空间太大，电工安装时很难把它放进去。","产品适配"
"133","王光琼","2026/07/14","FLC-220V","故障排除","La velocità minima sulla mia vortice da soffitto è troppo veloce. il Beep è fastidioso e non si può spegnere. Per il resto, a distanza di un paio di mesi, funziona bene.","","","","","The minimum speed is too fast on my Vortice ceiling fan. The beep is annoying and cannot be disabled. Apart from that, it has worked well for a couple of months.","在我的 Vortice 吊扇上，最低档速度太快。蜂鸣声很烦人，而且无法关闭。除此之外，使用两个月左右一直正常。","故障排除"
"134","王光琼","2026/07/14","FLC-220V","故障排除","La función STOP NO FUNCIONA, todo lo demás funciona perfectamente pero el botón Stop No para el ventilador, alguien más le sucede esto?","","","","","The STOP function does not work. Everything else works perfectly, but pressing STOP does not stop the fan. Has anyone else had this problem?","STOP 停止功能不起作用。其他功能都完全正常，但按下 STOP 按钮无法停止风扇。还有其他人遇到过这个问题吗？","故障排除"
"135","王光琼","2026/07/14","FLC-220V","故障排除","Pas de place pour l'installer dans le ventilateur 5 palles ? Pas de français dans la notice. L'installation est problématique. Court-circuit, à l'interrupteur qui déclenche les fusibles. De ce fait aucune télécommande d'installée, en attendant un professionnel ?","","","","","There is no room to install it in my five-blade fan. The instructions are not available in French, and installation is difficult. A short circuit at the switch trips the fuse. Therefore, I have not installed the remote and am waiting for a professional.","我的五叶风扇内没有空间安装它。说明书没有法语版本，安装也很困难。开关处发生短路并导致保险丝跳闸。因此，我尚未安装遥控器，正在等待专业人员处理。","安装设置"
"136","王光琼","2026/07/14","FLC-220V","故障排除","Pues pedi para reemplazar el de mi ventilador. Todo funciona ok...pero al dejar la luz encendida  le llega algo de corriente residual al motor y lo hace girar muy lentamente. Si apago la luz con el mando sigue girando el ventilador muy lentamente. Solo se para cortando luz con interruptor. Lo cambiaria por otro, pero estamos en plena ola de calor y no me quiero quedar sin ventilador. El aparato negro suena al moverlo, hay cosas sueltas dentro.","","","","","I ordered it to replace my fan receiver. Everything works, but when the light is left on, some residual current reaches the motor and makes it rotate very slowly. If I turn off the light with the remote, the fan still rotates very slowly. It stops only when I cut power at the wall switch. I would replace it, but I do not want to be without a fan during the heat wave. The black unit rattles when moved, as if parts are loose inside.","我购买它来替换风扇原接收器。所有功能都能工作，但开灯时似乎有残余电流流入电机，使风扇非常缓慢地转动。即使用遥控器关灯，风扇仍会缓慢转动，只有切断墙壁开关电源才会停止。我本想更换，但正值热浪，不想没有风扇可用。移动黑色接收盒时会发出响声，像是内部有零件松动。","故障排除"
"138","王光琼","2026/07/14","FLC-220V","故障排除","Hola, en teoría lo tengo todo bien instalado! Pero no funcionan las velocidades solo tiene una posición... Y no consigo hacer que funcione la bombilla y el ventilador a la vez... Con el original se apagaba con el boton stop pero con este el ventilador se enciende con el botón de la luz... He probado los cables de todas las maneras y nada... Espero respuesta","","","","","Hello. In theory, everything is installed correctly. However, the speed settings do not work, and the fan has only one speed. I also cannot make the light and fan work at the same time. With the original controller, the fan stopped with STOP, but with this controller the fan turns on when I press the light button. I tried every wire arrangement without success. I await your reply.","你好。理论上所有接线都安装正确，但速度档位不起作用，风扇只有一个速度。我也无法让灯和风扇同时工作。原装控制器可以用 STOP 按钮关闭风扇，但换成这个控制器后，按灯光按钮反而会启动风扇。我尝试了各种接线方式，仍然无效。期待回复。","故障排除"
"140","王光琼","2026/07/14","FLC-220V","故障排除","Hace su función porque el ventilador funciona, pero solo tiene una velocidad y no tres como dice porque las tres van a la misma velocidad que es la máxima del ventilador y el ruido y el flujo de aire de demasiado grande sobre todo para dormir así que no me ha gustado nada","","","","","The fan runs, but it has only one speed instead of the advertised three. All three settings run at the fan's maximum speed, producing too much noise and airflow, especially for sleeping. I do not like the product.","风扇能运行，但并没有所称的三档速度，实际上只有一个速度。三个档位都以风扇最高速运行，噪声和风量都太大，尤其不适合睡觉时使用。我不喜欢这个产品。","故障排除"
"141","王光琼","2026/07/14","FLC-220V","故障排除","Non so neanche se funzioni, uno degli acquisti più inutili che abbia mai fatto, è troppo grande il case di plastica e anche la scheda all'interno per essere posizionato all'interno di qualsiasi coperchio di ventilatore da soffitto...a meno che non vogliate una scatolaccia nera appesa al soffitto è un acquisto da evitare...meglio attaccare una cordicella più lunga a quella che comanda la velocità ed è meno kitch di questa pacchianata...","","","","","I do not even know whether it works. It is one of the most useless purchases I have made. Both the plastic case and the internal board are too large to fit inside any ceiling-fan canopy. Unless you want an ugly black box hanging from the ceiling, avoid this product. It would be better to attach a longer pull cord to the existing speed control.","我甚至不知道它是否能工作。这是我买过最没用的产品之一。塑料外壳和内部电路板都太大，无法装进任何吊扇的装饰罩。如果不想让一个难看的黑盒子挂在天花板上，就不要购买。还不如给原有速度控制拉绳接一根更长的绳子。","产品适配"
"142","王昭坤","2026/07/14","FLC05-E220V","兼容性","هل تتواقق هذه مع  مصباح المروحة الخاص بس
MODEL: JJ-M-TDB+LED+AC
LED:18-24WX2 01 Small Trefoil Conjoined
هذا شكل الاسلاك عندي
وهذا جهاز التحكم القديم
","مرحبًا، لقد قمت بمراجعة الصورة التي أرسلتها بعناية، ويؤسفني أن أقول إنها غير متوافقة.
السبب هو أن طرف الإخراج غير متوافق.
نقطة النهاية لدينا ثابتة.
أبيض: السلك المحايد
أسود: مروحة التحكم
أزرق: ضوء التحكم","","ScreenShot_2026-07-14_144049_814.png,ScreenShot_2026-07-14_144057_861.png,ScreenShot_2026-07-14_144111_207.png,ScreenShot_2026-07-14_144010_256.png,ScreenShot_2026-07-14_144020_421.png,ScreenShot_2026-07-14_144034_293.png,ScreenShot_2026-07-14_144027_186.png,ScreenShot_2026-07-14_144041_369.png","","Is this controller compatible with my fan light, model JJ-M-TDB+LED+AC? The LED specification is 18–24 W × 2, type 01 Small Trefoil Conjoined. These are my wires and my old controller.","这个控制器与我的风扇灯兼容吗？型号为 JJ-M-TDB+LED+AC，LED 规格为 18–24 W × 2，类型为 01 Small Trefoil Conjoined。这里是我的接线和旧控制器。","产品适配"
"151","王光琼","2026/07/16","FLC-220V","故障排除","Hi,
I msg to say that the 'low' setting on our fan controller had stopped working. Well, now both Med and Hi are running at the same speed. This was working brilliantly for a couple of weeks, clearly something has failed.
Kins regards","Thanks for the detailed description, and we’re sorry for the trouble with the low speed setting.
Here’s what’s happening in simple terms: when you press low, the fan first spins fast for a few seconds — this is the controller giving it a quick boost to get started, then it drops down to low speed. The fact that this boost works, and medium/high speeds run perfectly, means the remote and controller are working fully as they should.
Low speed runs on lower power, so it has very little extra strength to keep spinning. When a fan gets older, or builds up extra resistance from dust or worn internal parts, low speed is always the first one to struggle and stop, while higher speeds still work fine.
Please try these 3 simple checks:
1. Turn the wall switch off for 60 seconds, then turn it back on and test low speed again to rule out a temporary glitch.
2. With the power off, spin the fan blades by hand. If they feel stiff or don’t spin freely, the fan motor has built up resistance over time — this is very common on older fans.
3. Double-check that all wire connections inside the fan canopy are tight. Loose wires cause a small power drop that only affects the low speed setting.","","","","Hello. I previously reported that LOW on our fan controller had stopped working. Now MED and HI also run at the same speed. It worked very well for a couple of weeks, but something has clearly failed. Kind regards.","你好。我之前反馈过风扇控制器的 LOW 低速档已经停止工作。现在 MED 中速档和 HI 高速档也变成相同速度。它在前两周运行得很好，但现在显然有部件发生了故障。谨致问候。","故障排除"
"154","王光琼","2026/07/17","FLC-220V","兼容性","Hi, I installed the QIACHIP ceiling fan remote control (featuring 3 speeds, light control, and 4 timer settings for 220V/230V ceiling fan lamps), but there is hardly any difference between the LOW and HIGH fan speeds. Curiously, the highest speed occurs at the MID setting. Can you help us with this issue? The previous controller provided a higher fan speed. Thanks.","Hi,
Before installing the controller, please switch off the power at the mains for safety.
If your ceiling fan has an original speed control, please make sure it is set to the highest speed (High) before connecting our receiver.
Depending on your fan model:
• Pull chain: Pull the chain until the fan is running at the highest speed (usually High is the fastest setting).
• Wall switch or wall speed controller: Move the speed switch or slider to the highest (High) position.
• Rotary speed knob: Turn the knob fully to the maximum speed.
If your fan has only an ON/OFF wall switch and no built-in speed selector, no adjustment is required.
Also, please leave the original light switch ON before using our remote control.
Do not use the original fan speed control after installing the receiver. Use only the remote control to change the fan speed.","","","","Hello. I installed the QIACHIP 220 V/230 V ceiling-fan remote controller with three speeds, light control, and four timer settings. There is almost no difference between LOW and HI. Strangely, the highest speed occurs on MED. Can you help with this issue? The previous controller provided a higher maximum fan speed. Thank you.","你好。我安装了 QIACHIP 220 V/230 V 吊扇灯遥控器，该产品带三档风速、灯光控制和四档定时功能。但 LOW 低速档和 HI 高速档之间几乎没有区别，而且最高速度反而出现在 MED 中速档。能否帮助解决这个问题？之前的控制器能够提供更高的最高风速。谢谢。","故障排除"
